Area,Area (sq.ft.),BHK,Bathrooms,Distance to School (km),Distance to Hospital (km),Distance to Metro (km),Age of Property (years),Price (Lakhs)
Katraj,2670,2,2,1.22,1.86,2.89,20,51.56
Bibwewadi,510,5,3,1.21,2.95,1.59,0,22.93
Viman Nagar,2736,3,3,1.86,2.22,5.18,0,55.55
Kothrud,1887,5,3,1.32,2.16,5.35,15,73.61
Viman Nagar,2445,3,3,2.03,1.49,5.82,13,66.59
Hinjewadi,1351,4,3,4.21,3.46,5.22,14,70.04
Viman Nagar,924,2,2,2.05,1.27,3.2,11,17.41
Wakad,1762,3,3,4.65,1.15,5.99,10,44.53
Kondhwa,2262,4,3,2.56,2.38,2.78,13,90.25
Bibwewadi,2290,2,2,1.82,2.27,3.73,15,29.18
Viman Nagar,737,2,2,1.35,3.83,3.5,1,10.5
Katraj,1153,5,3,1.57,1.43,4.49,18,74.17
Hinjewadi,1909,1,1,3.31,2.82,4.49,19,20.1
Baner,1999,5,3,1.79,1.54,5.7,9,126.75
Katraj,916,1,1,3.18,3.97,5.82,7,10.4
Baner,1009,2,2,4.6,1.56,1.1,16,15.08
Kothrud,1030,1,1,3.21,1.41,1.61,2,15.13
Kothrud,2560,1,1,0.9,2.25,3.31,7,27.31
Baner,869,2,2,2.2,1.1,1.77,14,23.68
Viman Nagar,1810,3,3,3.18,1.06,3.29,14,46.58
Hadapsar,1793,5,3,2.09,0.93,3.02,15,92.33
Katraj,2526,2,2,3.12,1.27,2.75,5,56.16
Kothrud,2069,4,3,0.97,1.45,2.81,15,121.34
Viman Nagar,1603,5,3,3.67,0.81,3.2,20,77.9
Wakad,2299,1,1,4.57,2.54,1.61,16,15.33
Viman Nagar,416,5,3,2.08,2.98,3.45,4,21.35
Hinjewadi,2097,1,1,1.78,1.81,1.39,5,12.21
Hinjewadi,2194,1,1,2.6,0.51,1.24,13,19
Hinjewadi,2071,4,3,1.66,0.52,3.42,11,81.7
Katraj,1225,4,3,1.27,0.57,3.09,2,61.91
Viman Nagar,1798,3,3,1.34,2.87,3.28,19,29.45
Katraj,868,3,3,2.35,3.31,1.98,19,38.33
Katraj,1805,4,3,0.72,2.8,3.14,11,77.59
Bibwewadi,1119,1,1,3.58,3.48,1.23,20,13.18
Hinjewadi,2986,2,2,2.43,1.61,5.24,18,35.31
Aundh,2850,5,3,2.31,0.85,2.34,19,138.14
Hinjewadi,854,1,1,4.73,1.98,2.92,1,8.02
Katraj,555,1,1,1.29,2.72,4.51,3,4.13
Aundh,1024,3,3,2.36,1.84,5.02,11,19.2
Katraj,814,5,3,3.89,3.47,1.76,5,44.39
Viman Nagar,1802,1,1,2.63,2.17,4.15,2,11.51
Wakad,846,1,1,1.57,2.96,1.42,3,10.93
Baner,2641,2,2,1.52,2.7,5.63,8,31.13
Baner,1820,4,3,4.85,2.8,1.09,18,50.79
Hadapsar,1613,5,3,3.52,2.02,5.09,19,44.81
Kondhwa,2027,4,3,3.82,1.71,5.65,15,41.15
Bibwewadi,1463,2,2,4.86,0.83,5.19,3,37.66
Bibwewadi,2248,5,3,4.6,3.43,4.83,11,132.24
Viman Nagar,1515,5,3,3.08,3.89,2.63,12,90.04
Hinjewadi,646,5,3,2.24,0.72,3.64,7,36.07
Bibwewadi,1447,4,3,3.55,2.72,5.02,9,50.98
Kothrud,2464,5,3,4.09,1.11,4.84,17,138.89
Hinjewadi,725,2,2,2.23,1.49,5.62,4,17.66
Baner,2023,1,1,4.33,2.54,2.91,9,18.7
Baner,1293,5,3,1.39,2.95,2.55,12,53
Hadapsar,2663,1,1,4.19,1.74,5.6,14,33.14
Baner,2628,1,1,3.78,3.44,5.04,8,36.57
Katraj,2133,5,3,2.44,1.8,4.34,15,111.6
Kothrud,1646,4,3,1.51,0.75,5.32,3,51.36
Hinjewadi,1085,2,2,4.81,0.93,2.91,16,18.3
Viman Nagar,2444,4,3,1.92,1.38,4.18,15,129.95
Kothrud,563,5,3,3.21,3.84,5.92,2,31.63
Hadapsar,2314,4,3,0.84,2.94,1.21,7,107.08
Wakad,683,2,2,0.87,3.84,2.26,18,18.16
Bibwewadi,2749,1,1,3.13,3.71,5.24,4,18
Kondhwa,2817,3,3,3.03,3.29,1.52,17,109.66
Aundh,2314,4,3,1.17,2.16,4.76,4,105.14
Aundh,904,5,3,3.7,3.11,2.05,2,56.74
Kothrud,1663,3,3,1.97,0.64,3.47,8,62.58
Katraj,913,3,3,1.03,2.57,4.25,20,33.26
Katraj,2295,2,2,2.6,3.3,4.83,16,30.12
Hadapsar,2738,1,1,4.89,2.71,4.39,6,32.55
Hinjewadi,544,4,3,1.25,2.47,1.33,10,26.34
Kothrud,541,1,1,1.87,1.69,2.82,20,5.09
Hadapsar,1629,1,1,1.15,3.07,1.44,4,22.52
Wakad,1596,4,3,3.58,2.47,2.71,11,60.4
Wakad,2812,4,3,1.96,3.19,3.51,9,60.87
Kothrud,2787,5,3,1.1,2.78,5.15,14,108.98
Aundh,2368,4,3,3.45,2.51,2.56,10,116.6
Kondhwa,2463,2,2,3.79,3.8,1.84,19,61.08
Kondhwa,549,5,3,4.16,2.79,5.6,20,26.8
Aundh,2381,2,2,2.22,2.57,4.71,15,71.27
Baner,1238,4,3,2.77,1,3.7,8,72.33
Kondhwa,2085,1,1,2.34,3.34,5.48,5,30.74
Aundh,1022,5,3,0.54,3.97,5.96,19,47.61
Wakad,1327,4,3,4.68,0.65,3.56,0,33.82
Baner,2603,1,1,2.26,1.32,3.53,16,28.22
Baner,1955,2,2,3.3,2.98,4.55,12,30.19
Hinjewadi,1741,2,2,4.44,1.63,1.87,16,44.72
Kondhwa,689,3,3,4.33,2.3,1.94,11,16.06
Aundh,1635,5,3,4.46,2.19,4.21,19,91.7
Wakad,1919,2,2,1.14,1.94,4.49,18,48.87
Hinjewadi,520,4,3,1.61,2.25,1.08,8,17.37
Hadapsar,2230,2,2,3.85,1.44,1.48,20,60.78
Kondhwa,787,5,3,3.1,3.32,4.62,18,54.3
Katraj,2793,1,1,3.26,1.58,3.57,0,26.67
Kondhwa,2388,4,3,1.33,2.04,2.43,10,77.63
Viman Nagar,2695,1,1,0.55,2.87,5.42,14,33.96
Kondhwa,501,3,3,0.63,1.2,1.37,11,20.1
Viman Nagar,2099,1,1,0.88,3.52,3.95,5,24.33
Hinjewadi,2177,2,2,0.59,3.95,5.15,8,63.5
Kondhwa,705,4,3,3.69,0.76,4.94,11,19.99
Hinjewadi,1796,4,3,3.91,0.87,4.29,2,77.4
Viman Nagar,1623,3,3,4.44,1.24,4.54,20,69.59
Bibwewadi,878,5,3,1.44,2.81,1.25,18,64.91
Hadapsar,1936,4,3,3.14,0.78,4.4,10,41.04
Kondhwa,727,1,1,2.37,3.34,3.07,0,5.45
Wakad,1217,1,1,0.57,3.71,1.19,0,7.82
Baner,2289,5,3,2.99,2.08,4.89,1,71.41
Katraj,2614,2,2,3.55,3.96,1.43,10,36.43
Aundh,1917,1,1,1.26,2.93,5.06,11,22.11
Hinjewadi,1751,5,3,4.35,2.89,5,1,128.78
Wakad,1014,3,3,3.19,0.77,5.22,3,40.19
Wakad,1248,2,2,4.96,2.75,5.21,12,37.43
Aundh,1077,5,3,3.6,3.54,2.49,10,32.69
Hadapsar,2830,3,3,3.16,2.13,1.86,17,44.57
Kondhwa,1027,1,1,2.85,3.17,3.4,11,12.15
Aundh,1084,2,2,2.68,2.94,3.71,15,20.02
Kondhwa,2883,4,3,1.27,0.57,2.92,14,107.35
Hadapsar,1089,3,3,1.26,3.51,4.37,18,30.86
Katraj,516,5,3,4.02,2.44,3.89,14,31.4
Hinjewadi,2359,4,3,3.9,1.75,2,11,102.12
Hadapsar,2974,3,3,2.85,2.95,4.34,4,88.22
Kothrud,1633,5,3,3.66,3.13,4.35,15,103.72
Kothrud,2228,4,3,0.64,3.93,4.57,12,82.3
Hinjewadi,543,4,3,1.42,2.26,3.85,12,17.51
Wakad,1620,4,3,3.97,3.77,2.23,16,79.25
Baner,1423,4,3,2,3.8,1.53,16,32.86
Viman Nagar,2250,3,3,2.45,2.22,3.69,2,98.5
Hinjewadi,508,2,2,2.93,0.62,4.41,5,11.35
Baner,852,1,1,4.92,1.57,5.68,11,9.45
Baner,2039,1,1,2.56,1.28,2.57,3,28.74
Katraj,2472,4,3,3.36,3.01,3.19,2,124.7
Kondhwa,1174,5,3,1.2,3.86,4.45,2,48.53
Viman Nagar,2262,2,2,2.05,0.63,1.05,2,35.11
Katraj,1805,5,3,2.74,2.2,1.59,0,89.09
Viman Nagar,496,3,3,3.25,1.88,2.12,8,8.23
Aundh,2138,2,2,3.06,3.94,3.14,6,59.58
Katraj,2215,4,3,2.56,0.69,1.68,12,129.06
Bibwewadi,1058,3,3,2.69,3.8,1.26,9,17.35
Kothrud,1448,1,1,1.7,2.7,2.73,5,7.45
Katraj,612,3,3,2,0.8,2.25,6,9.79
Wakad,2119,1,1,2.6,0.67,1.44,0,16.66
Kondhwa,2185,1,1,2.53,3.48,4.58,19,11.57
Baner,1785,1,1,3.18,2.83,5.13,20,19.37
Hinjewadi,2554,3,3,2.52,3.54,3.18,3,57.12
Wakad,2871,5,3,0.7,2.31,5.03,9,175.67
Kondhwa,986,5,3,3.3,1.51,4.93,12,34.23
Viman Nagar,1052,5,3,2.56,3.07,4.12,18,63.74
Katraj,1534,4,3,4.12,3.92,4.49,9,87.36
Viman Nagar,817,5,3,3.48,1.07,4.61,10,45.94
Baner,1296,4,3,4.5,2.1,5.24,10,30.56
Kondhwa,979,4,3,4.17,2.89,3.09,12,25.76
Wakad,2012,1,1,3.65,3.73,1.04,13,27.79
Hadapsar,1478,5,3,3.27,2.12,1.54,16,38.63
Wakad,406,4,3,4.05,0.6,4.54,1,9.46
Baner,2340,5,3,1.15,3.22,1.48,7,137.73
Aundh,784,1,1,2.78,2.72,3.8,1,9.74
Viman Nagar,778,3,3,3.04,2.69,2.68,2,24.46
Wakad,975,2,2,4.19,3.93,3.38,5,14.14
Katraj,961,4,3,1.72,1.55,3.28,12,39.46
Kondhwa,1998,1,1,1.95,3.21,4.66,4,18.85
Baner,2616,1,1,4.09,2.61,5.67,3,28.15
Hinjewadi,1732,5,3,1.45,2.26,1.88,19,98.66
Kondhwa,2090,3,3,2.1,0.74,5.63,2,48.35
Aundh,2269,1,1,1.65,3.18,3.65,2,31.18
Hinjewadi,2475,4,3,3.56,2.57,4.15,14,107.25
Hadapsar,1437,3,3,3.9,0.78,3.36,13,63.72
Katraj,1117,5,3,4.01,1.67,5.84,12,44.12
Aundh,1149,2,2,2.72,0.77,1.23,8,19.34
Hinjewadi,2228,4,3,3.44,3.07,3.25,5,122.84
Wakad,2166,5,3,1.76,2.56,5.86,11,112.64
Kothrud,1778,2,2,4.74,3.89,1.31,7,19.9
Katraj,2211,4,3,3.97,3.16,1.84,15,85.72
Viman Nagar,2508,1,1,1.2,1.4,3.01,1,14.72
Bibwewadi,2467,4,3,2.8,2.53,3.25,4,84.98
Baner,829,5,3,0.97,1.18,3.3,18,23.8
Baner,877,3,3,1.15,0.85,4.27,8,26.22
Wakad,1813,3,3,3.17,1.05,1.58,4,29.34
Hinjewadi,2809,3,3,4.94,2.32,2.37,19,110.74
Baner,1623,4,3,4.74,0.62,3.35,7,84
Viman Nagar,760,3,3,3.79,2.97,2.75,12,13.59
Hadapsar,2039,1,1,2.42,0.9,1.1,5,12.95
Kothrud,1029,4,3,4.7,3.66,4.89,20,40.04
Bibwewadi,902,5,3,3.71,3.07,1.1,10,43.79
Kondhwa,1764,2,2,3.12,0.64,4.4,6,35.83
Kondhwa,629,1,1,2.54,2.9,1.13,12,4.21
Kondhwa,868,5,3,2.84,3.84,1.15,18,63.39
Hadapsar,850,1,1,1.44,1.9,5.02,3,9.07
Hadapsar,2123,3,3,3.52,3.28,2.79,18,71.04
Viman Nagar,2344,4,3,4.72,2.18,2.95,0,115.35
Kondhwa,480,3,3,2.79,0.99,2.89,10,7.3
Baner,2516,2,2,4.54,3.94,5.09,11,28.74
Katraj,1639,5,3,3.33,3.87,2.17,9,95.23
Bibwewadi,2548,5,3,2.99,3.2,1.28,14,188.94
Baner,1971,3,3,4.67,3.15,1.19,3,56.87
Hadapsar,1498,5,3,3.17,3.49,4.96,2,65.26
Katraj,2726,1,1,4.32,2.62,5.44,1,16.74
Baner,2837,3,3,1.29,1.74,4.58,5,86.45
Bibwewadi,1026,1,1,1.8,3.38,5.78,11,10.94
Bibwewadi,881,3,3,2.03,3.96,4.7,7,29.94
Kondhwa,1966,3,3,4.74,1.43,2.52,17,49.99
Hinjewadi,2841,2,2,2.01,3.17,1.17,20,66.63
Hadapsar,1373,1,1,2.26,3.11,3.17,8,7.5
Hinjewadi,1914,4,3,3.42,1.59,3.66,3,96.05
Kothrud,948,3,3,2.78,1.31,1.29,15,17.38
Katraj,2736,5,3,4.53,3.01,2.93,10,78.3
Aundh,1241,4,3,4.23,2.9,4.18,13,41.04
Kondhwa,1691,3,3,2.63,0.84,4.08,5,28.47
Hadapsar,797,1,1,4.11,0.63,3.94,20,10.97
Hinjewadi,2063,5,3,3.23,1.12,2.36,9,58.97
Bibwewadi,1568,2,2,0.94,1.21,3.13,6,44.59
Aundh,1112,3,3,0.6,0.62,1.99,19,24.57
Kondhwa,2581,2,2,2.72,2.1,2.87,18,29.63
Hadapsar,2008,1,1,4.55,1.83,5.75,11,12.35
Viman Nagar,882,3,3,2.29,2.45,4.8,0,39.66
Hinjewadi,1633,5,3,0.61,3.07,4.27,12,113.47
Kondhwa,839,2,2,4.6,3.22,1.9,7,9.57
Wakad,2781,2,2,1.45,1.43,1.09,10,41.72
Kondhwa,2583,3,3,3.52,2.61,3.75,12,115.18
Katraj,1244,4,3,3.74,2.81,5.56,12,42.96
Hadapsar,851,4,3,2.31,1.22,2.06,6,40.58
Baner,877,2,2,4.17,2.2,5.13,16,22.77
Wakad,1402,5,3,1.67,1.64,1.81,12,45.06
Kothrud,1131,1,1,4.66,3.65,2.15,3,14.68
Bibwewadi,1654,2,2,3.46,1.54,1.55,16,32.52
Hinjewadi,1683,1,1,4.69,1.36,4.95,7,23.83
Kondhwa,1030,5,3,1.26,1.19,3.78,17,43.01
Katraj,2936,5,3,0.92,0.66,5.51,2,129.52
Bibwewadi,2919,5,3,4.43,1.29,3.73,2,174.56
Wakad,657,3,3,1.18,1.93,4.18,17,28.54
Katraj,2976,2,2,1.59,2.39,5.03,5,61.04
Kothrud,2974,3,3,2.52,1,2.05,1,76.34
Katraj,407,1,1,2.36,3.77,4.53,15,4.04
Baner,2483,1,1,4.68,2.5,4.29,2,27.18
Kothrud,734,5,3,1.94,2.67,3.33,0,50.61
Bibwewadi,2493,2,2,3.13,2.65,3.07,2,40.61
Katraj,406,3,3,2.49,2.7,3.68,18,10.51
Hinjewadi,2861,3,3,4.55,2.01,5.58,4,115.56
Baner,887,2,2,4.98,1.26,3.01,7,25.53
Kothrud,1598,4,3,4.11,1.12,4.91,1,54.69
Kothrud,2369,2,2,3.39,2.29,3.15,9,32.94
Kothrud,2257,4,3,2.81,3.66,5.23,5,55.73
Aundh,2271,3,3,1.36,3.94,3.88,8,92.39
Katraj,2383,2,2,4.75,1.29,2.56,11,66.33
Aundh,1527,4,3,4.58,1.35,4.33,19,65.61
Bibwewadi,452,3,3,2.4,1.34,5.58,10,15.95
Katraj,1926,2,2,3.15,1.08,3.32,0,24.15
Katraj,1858,5,3,2.84,2.05,4.76,3,67.67
Viman Nagar,1702,3,3,0.96,3,1.97,18,47.81
Viman Nagar,580,5,3,4.72,0.81,5.92,13,17.2
Bibwewadi,515,5,3,2.52,1.33,1.97,13,15.05
Katraj,1461,4,3,2.4,1.2,1.83,8,85.81
Bibwewadi,1552,2,2,0.91,0.73,5.65,5,29.78
Kothrud,2658,1,1,1.73,2.7,3.97,9,21.44
Hinjewadi,1671,5,3,2.28,0.69,4.52,6,65.09
Kondhwa,2079,4,3,4.12,1.33,4.22,11,100.04
Aundh,1767,4,3,2.48,3.48,1.17,3,83.79
Hadapsar,728,2,2,3.15,0.75,2.21,11,11.07
Aundh,2374,1,1,4.72,3.3,1.57,18,18.08
Bibwewadi,880,2,2,3.21,1.71,4.92,16,26.36
Katraj,1467,3,3,1.71,3.88,1.19,7,45.04
Viman Nagar,2324,1,1,1.23,2.68,2.09,14,23.48
Bibwewadi,1239,4,3,0.85,1.57,1.11,14,57.29
Bibwewadi,1278,3,3,2.41,2.12,4.32,10,40.81
Kothrud,1442,4,3,0.53,3.28,4.72,15,75.17
Hadapsar,789,5,3,3.01,1.33,5.56,17,54.24
Baner,550,3,3,3.89,3.23,4.49,2,23.48
Aundh,1271,5,3,2.95,3.21,5.33,16,50.63
Kothrud,1306,5,3,1.36,2.37,1.09,20,49.87
Baner,630,3,3,1.72,1.82,1.86,4,9.91
Baner,2599,4,3,4.7,2.45,5.95,14,68.83
Baner,1773,3,3,2.46,0.54,1.8,4,35.94
Aundh,1793,1,1,4.66,3.58,1.05,10,18.23
Kondhwa,1717,1,1,4.97,2.7,4.02,17,23.19
Baner,703,3,3,4.43,2.55,1.87,18,15.86
Wakad,1395,1,1,4.62,1.09,2.81,7,8.21
Kothrud,961,3,3,2.94,1.43,5.85,10,28.16
Viman Nagar,2639,1,1,1.45,2.64,5.64,14,17.39
Aundh,636,2,2,4.37,1.08,4.75,12,7.68
Kothrud,779,5,3,4.35,3,1.13,17,35.83
Kothrud,1433,4,3,1.96,1.54,2.09,9,79.43
Viman Nagar,966,1,1,3.24,1.89,2.42,4,10.97
Katraj,578,4,3,2.55,0.53,5.22,18,25.43
Wakad,2916,3,3,0.96,3.95,3.7,1,110.93
Aundh,2386,1,1,4.58,0.81,1.98,10,14.53
Kondhwa,631,5,3,2.9,1.14,5.88,16,18.22
Wakad,639,5,3,4.57,3.35,4.2,3,21.43
Kondhwa,1366,3,3,3.7,2.29,4.74,7,60.29
Kondhwa,2640,3,3,4.96,3.57,4.92,13,102.69
Kothrud,608,4,3,1.22,3.87,2.09,16,21.95
Bibwewadi,721,1,1,4.18,1.25,5.77,14,5.96
Kondhwa,1295,4,3,1.95,1.05,4.4,1,39.08
Katraj,1328,4,3,3.79,1.9,2.36,9,77
Kondhwa,1143,4,3,2.34,1.74,5.42,11,35.25
Katraj,1529,3,3,3.13,2.04,5.7,6,37.14
Wakad,2357,2,2,0.82,0.69,5.52,9,54.32
Katraj,2568,5,3,4.76,1.23,2.48,4,136.08
Kothrud,1785,2,2,2.93,1.53,4.26,15,35.84
Viman Nagar,2732,4,3,4.8,3.89,3.36,2,75.9
Hadapsar,420,4,3,1.58,2.15,5.19,2,11.88
Bibwewadi,2080,2,2,4.01,2.6,5.78,13,33.58
Baner,2565,1,1,2.66,2.78,1.31,16,35.6
Hinjewadi,1831,3,3,1.18,2.49,5.32,7,69.46
Kondhwa,605,4,3,0.84,2.91,4.78,11,29.61
Hadapsar,1912,2,2,4.99,1.46,1.95,13,32.9
Baner,1609,4,3,4.88,3.32,2.79,12,71.44
Hinjewadi,2346,3,3,2.95,1.71,2.25,13,83.15
Aundh,841,2,2,1.61,2.94,2.91,1,11.2
Kondhwa,1555,3,3,1.67,2.64,4.77,13,25.21
Kondhwa,557,3,3,1.4,3.81,5.43,4,17.38
Aundh,1066,2,2,4.92,3.52,3.07,9,28.15
Hinjewadi,2960,3,3,0.72,3.89,3.28,6,108.74
Baner,1619,4,3,3.27,2.09,1.62,13,85.47
Kondhwa,2158,5,3,0.87,2.58,4.42,11,93.67
Bibwewadi,1546,4,3,1.32,0.74,5.79,4,50.55
Bibwewadi,2502,4,3,3.81,1.63,5.26,1,71.81
Wakad,1062,1,1,4.35,1.2,2.08,14,6.72
Aundh,1701,5,3,2.4,0.93,1.48,5,83.86
Hinjewadi,1727,4,3,2.35,2.28,2.8,3,102.84
Kothrud,770,1,1,3.89,3.44,2.81,16,6.73
Kothrud,1781,4,3,4.46,2.53,3.88,13,80.55
Viman Nagar,2901,1,1,2.42,2.74,3.8,12,24.03
Kondhwa,1877,1,1,4.91,2.43,4.79,20,22.35
Aundh,2513,1,1,1.44,2.79,2.89,4,31.62
Katraj,1273,5,3,0.84,3.83,3.43,0,74.61
Bibwewadi,469,1,1,0.52,2.48,5.77,11,4.06
Bibwewadi,950,4,3,1.76,3.83,2.48,5,32.87
Viman Nagar,2731,3,3,0.67,1.79,4.72,7,100.86
Wakad,408,3,3,2.71,1.06,3.45,13,8.99
Aundh,2664,5,3,4.03,2.46,4.7,16,109.67
Aundh,494,4,3,0.66,2.32,1.02,20,18.3
Hinjewadi,2071,4,3,3.94,1.78,5.96,18,78.12
Hadapsar,2353,1,1,2.75,3.65,3.64,1,28.48
Viman Nagar,2240,1,1,4.72,0.55,3.96,1,14.39
Kothrud,1118,2,2,1.47,1.99,2.81,12,28.37
Bibwewadi,1935,4,3,0.89,3.22,3.18,2,75.33
Katraj,2288,5,3,0.9,1.47,3.03,1,131.33
Hadapsar,1750,1,1,3.68,3.41,5.19,16,15.57
Kothrud,2514,2,2,3.74,0.62,5.66,20,47.22
Bibwewadi,1417,1,1,2.04,1.53,3.86,5,18.78
Viman Nagar,2077,4,3,2.76,2.5,3.53,1,104.15
Viman Nagar,1921,2,2,0.82,2.16,4.46,1,44.65
Bibwewadi,1910,5,3,2.73,0.61,1.48,12,123.87
Bibwewadi,1602,2,2,3.9,1.64,3.13,11,38.85
Baner,2326,5,3,4.47,3.88,4.05,1,167.69
Aundh,2704,5,3,2.73,1.53,1.84,4,117.86
Baner,1255,1,1,3.01,2.33,4.5,17,6.57
Hadapsar,1860,1,1,4.21,1.6,3.69,1,13.47
Katraj,1875,4,3,2.85,0.51,3.67,20,77.05
Hinjewadi,1344,5,3,3.34,1.46,4.41,13,34.07
Wakad,1905,4,3,0.61,3.11,2.04,20,40.81
Katraj,748,5,3,1.25,0.98,5.14,9,49.39
Bibwewadi,405,1,1,4.39,0.96,4.86,4,2.7
Wakad,1250,2,2,3.53,2.29,4.47,12,25.03
Katraj,2833,3,3,4.46,1.26,1.18,5,120.82
Kondhwa,1928,1,1,1.15,1.02,5.61,12,23.89
Kothrud,960,2,2,3.72,3.38,2.45,19,28.16
Baner,1417,2,2,1.67,1.9,5.36,8,41.89
Baner,707,5,3,2.57,3.71,5.3,0,30.04
Bibwewadi,2278,2,2,2.34,0.64,3.69,16,32.29
Aundh,1476,2,2,1.87,3.15,4.95,15,23.37
Aundh,1473,5,3,2.13,3.02,1.38,6,90.54
Viman Nagar,2031,2,2,1.94,2.56,4.42,8,36.21
Wakad,1030,3,3,1.97,3.39,5.48,13,20.87
Bibwewadi,2210,4,3,1.98,2.39,1.28,6,128.44
Aundh,1414,2,2,1.18,1.63,1.43,16,37.74
Kondhwa,2597,1,1,0.81,2.39,2.09,19,30.53
Aundh,2456,4,3,4.59,1.53,1.45,1,77.5
Bibwewadi,1333,3,3,4.13,1.07,2.73,16,32
Aundh,575,2,2,1.7,2.99,4.26,7,11.47
Baner,2830,4,3,3.76,3.82,5.16,20,143.04
Bibwewadi,522,2,2,3.28,3.27,3.22,2,6.21
Wakad,1575,3,3,1.86,2.74,2.06,7,32.6
Kothrud,1957,5,3,3.39,3.73,5.23,11,103.81
Kothrud,1303,3,3,4.02,3.45,4.35,0,46.52
Bibwewadi,2434,3,3,3.16,1.6,1.07,10,44.24
Viman Nagar,2139,1,1,3.65,2.09,5.17,2,26.54
Wakad,1483,2,2,3,0.59,4.46,18,33.96
Baner,2490,2,2,4.64,0.88,3.44,15,59.52
Baner,1126,1,1,3.7,1.57,5.63,18,14.54
Kondhwa,2732,1,1,2.78,0.72,4.25,4,32.06
Aundh,2766,3,3,2.62,1.89,1.59,1,106.85
Aundh,2017,4,3,2.35,1.89,4.81,14,58.44
Hinjewadi,708,3,3,3.52,0.72,2.35,2,23.21
Aundh,1915,1,1,4.3,1.01,3.91,18,11.16
Hinjewadi,2107,2,2,2.86,1.37,2.01,9,21.76
Viman Nagar,476,4,3,0.51,0.87,2.06,1,22.63
Aundh,601,1,1,2.24,3.95,3.26,9,6.13
Hinjewadi,2557,1,1,2.69,3.89,4.92,19,36.02
Bibwewadi,2915,2,2,2.46,1.39,4.88,8,71.99
Hinjewadi,2312,5,3,4.95,2.21,1.14,9,127.71
Bibwewadi,993,2,2,1.9,2.48,2.55,4,22.16
Bibwewadi,1240,5,3,2.21,2.07,5.4,10,33.74
Baner,2229,4,3,3.44,3.91,3.21,1,86.26
Hinjewadi,1057,1,1,2.88,2.12,1.73,11,12.89
Wakad,2537,2,2,2.37,2.5,2.71,1,35.31
Aundh,1916,2,2,4.95,0.92,1.64,2,56.29
Hadapsar,1359,3,3,3.83,2.57,5.34,11,47.28
Hadapsar,2993,4,3,2.05,2.91,4.63,3,75.99
Kondhwa,2086,3,3,4.3,0.66,4.29,10,41.05
Baner,1933,2,2,1.02,1.9,4.38,20,20.09
Katraj,2627,3,3,3.9,1.41,2.52,4,59.15
Katraj,1718,5,3,1.77,3.69,5.91,12,112.8
Baner,631,4,3,3.46,1.02,3.62,13,13.94
Katraj,1128,5,3,4.61,1.98,2.47,20,74.79
Hinjewadi,566,1,1,2.27,2.87,2.21,13,3.69
Wakad,1194,5,3,2.59,1.57,3.62,18,74.92
Baner,1469,1,1,2.84,0.54,5.34,7,15.13
Aundh,492,3,3,2.87,1.51,5.68,15,21.33
Wakad,1441,4,3,3.26,2,3.85,14,82.17
Aundh,2846,2,2,2.5,3.89,1.03,9,80.63
Aundh,2793,1,1,1.02,0.74,2.5,15,29
Katraj,1821,4,3,0.52,1.61,1.82,1,39.96
Baner,1448,4,3,1.16,1.83,4.59,13,80.07
Aundh,1783,3,3,3.39,3.8,1.63,0,71.53
Bibwewadi,400,2,2,4.59,3.27,3.61,18,9.4
Hinjewadi,1440,4,3,4.85,1.59,3.94,19,71.82
Hadapsar,1570,2,2,4.56,0.75,1.42,13,40.08
Katraj,1174,3,3,1.08,0.65,5.42,9,41.75
Viman Nagar,2903,4,3,4.93,2.74,5.53,18,79.68
Kondhwa,2434,5,3,2.85,1.44,5.26,17,61.77
Hinjewadi,1902,2,2,1.64,1.43,2.14,19,35.71
Aundh,823,4,3,0.83,2.23,2.43,19,22.53
Baner,496,4,3,1.43,1.37,5.6,11,23.66
Bibwewadi,2566,4,3,1.84,3.63,2.08,2,97.5
Wakad,2761,1,1,2.46,1.84,5.99,18,34.96
Kondhwa,1347,2,2,3.14,1.35,2.69,1,29.92
Viman Nagar,2678,4,3,4.32,1.77,3.64,17,70.08
Hadapsar,1379,4,3,4.01,2.04,2.25,6,46.99
Aundh,659,5,3,1.14,3.63,3.54,11,23.31
Baner,1585,2,2,3.66,2.13,2.18,13,32.77
Hinjewadi,412,5,3,1.77,2.65,2.21,6,26.88
Katraj,2693,4,3,1.63,2.77,5.15,18,98.05
Katraj,488,5,3,1.31,2.98,1.98,18,13.25
Hadapsar,685,3,3,2.64,3.32,3.67,14,17.26
Kondhwa,629,3,3,4.8,0.99,5.81,16,14.29
Viman Nagar,2928,3,3,1.19,2.03,5.54,1,62.66
Kothrud,1116,4,3,1.64,1.67,5.32,10,50.27
Baner,1437,4,3,2.08,2.83,3.87,18,33.18
Baner,1426,5,3,1.42,3.5,3.68,9,101.93
Viman Nagar,1003,2,2,3.93,3.07,4.65,10,20.24
Viman Nagar,2093,4,3,2.33,1.25,3.02,15,102.54
Wakad,2645,2,2,2.36,0.95,1.16,8,61.3
Kondhwa,1935,2,2,1.1,3.96,3.22,14,55.07
Bibwewadi,712,2,2,2.95,2.16,5.11,15,9.83
Hinjewadi,2364,5,3,3.3,1.51,4.1,8,108.2
Hadapsar,963,3,3,1.89,1.56,5.66,4,18.59
Hinjewadi,1717,2,2,3.57,3.08,3.53,11,20.78
Viman Nagar,878,4,3,2.35,1.3,2.57,15,51.9
Kondhwa,671,3,3,3.16,1.47,4.82,1,10.87
Viman Nagar,1044,5,3,3.66,1.8,4.04,5,45.56
Bibwewadi,503,2,2,1.08,1.43,4.31,2,13.72
Wakad,1704,3,3,2.72,2.57,4.41,0,63.97
Hinjewadi,1154,3,3,2.5,3.48,5.83,6,36.71
Viman Nagar,1458,4,3,1.3,2.75,4.51,18,39.44
Baner,1129,4,3,1.81,2.64,5.68,19,40.13
Katraj,2872,3,3,2.91,3.75,4.47,2,103.19
Kothrud,443,1,1,3.48,2.06,4.7,16,3.9
Hinjewadi,2385,3,3,2.79,1.93,3.53,18,74.67
Aundh,2932,5,3,4.28,1.46,1.89,16,218.8
Hinjewadi,1385,4,3,3.84,3.04,5.98,18,77.67
Hadapsar,1587,4,3,2.06,0.57,4.19,2,68.31
Kondhwa,2067,3,3,2.91,1.19,1.39,11,53.94
Aundh,923,4,3,2.71,1.28,5.11,7,25.51
Hinjewadi,874,4,3,3.99,1.19,3.09,11,30.04
Bibwewadi,804,4,3,4.26,1.51,2.12,2,16.45
Hinjewadi,1407,3,3,1.39,3.8,1.27,10,35.08
Katraj,639,4,3,4.02,3.72,4.15,8,19.8
Hinjewadi,1301,5,3,2.75,1.69,2.1,2,76.27
Baner,1644,4,3,2.17,3.43,3.98,19,51.92
Katraj,2792,2,2,4.7,1.72,2.01,16,60.91
Hinjewadi,2651,3,3,3.71,1.33,1.71,11,79.74
Hadapsar,1416,4,3,4.18,1.85,5.78,1,31.1
Hadapsar,2210,1,1,0.96,1.35,1.25,9,22.41
Baner,2701,4,3,1.92,3.97,1.84,20,102.24
Katraj,1099,2,2,3.19,2.11,5.9,11,28.77
Kothrud,1132,1,1,3.19,2.83,1.54,2,15.73
Kothrud,746,1,1,3.37,1.41,4.17,5,4.24
Hadapsar,2382,1,1,4.36,1.3,3.22,15,35.43
Bibwewadi,635,2,2,2.04,1.75,2.11,11,12.75
Hadapsar,1676,1,1,0.65,3.1,1.59,7,12.13
Hadapsar,803,3,3,2.67,1.31,1.33,0,35.93
Baner,1172,2,2,4.53,2.46,2.74,6,19.98
Kondhwa,1064,1,1,4.64,2.16,4.09,0,5.91
Katraj,2061,1,1,0.59,1.88,4.77,1,16.43
Katraj,748,3,3,3.07,0.62,2.92,17,33.33
Aundh,2635,3,3,2.47,2.06,1.65,9,57.48
Kothrud,1299,1,1,1.67,1.56,4.46,1,15.88
Katraj,819,5,3,4.32,1.08,2.89,19,61.4
Katraj,1434,2,2,3.1,1.33,1.72,19,34.72
Bibwewadi,2605,4,3,1.4,0.55,3.91,0,141.63
Baner,480,5,3,1.98,1.64,2.4,8,34.86
Wakad,2576,4,3,3.54,0.68,2.16,8,116.83
Katraj,2652,5,3,2.9,3.87,5.14,10,120.3
Viman Nagar,553,3,3,1.88,1.69,4.15,4,18.53
Katraj,810,3,3,0.96,1.21,5.51,9,22.13
Hinjewadi,2267,5,3,3.97,0.85,1.36,7,64.29
Bibwewadi,2426,3,3,1.89,2.51,2.14,6,96.29
Viman Nagar,1973,5,3,0.81,2.64,4.19,17,87.78
Katraj,2743,3,3,0.53,3.17,2.37,2,41.96
Hadapsar,2896,5,3,4.96,0.53,4.38,20,153.64
Hadapsar,1715,1,1,1.84,3.77,3.2,6,17.54
Aundh,1599,1,1,4.35,3.56,5.16,16,22.62
Kondhwa,1318,3,3,4.6,2.72,3.49,17,55.35
Viman Nagar,1081,2,2,0.96,0.97,4.52,1,24.21
Aundh,411,3,3,2.39,3.44,4.3,12,15.68
Katraj,1458,1,1,4.86,3.11,2.93,14,19.43
Hinjewadi,2528,2,2,1.75,2.59,4.94,3,39.19
Bibwewadi,2737,5,3,3.01,1.49,2.23,19,83.84
Kothrud,2885,1,1,1.34,1.69,5.24,17,42.71
Kondhwa,2977,4,3,2.35,1.46,1.22,3,108.09
Viman Nagar,880,1,1,3.02,2.34,2.7,1,5.38
Bibwewadi,402,2,2,2.91,3.68,3.38,11,5.33
Hadapsar,585,2,2,2.65,1.54,3.82,13,6.18
Bibwewadi,2802,5,3,4.81,2.18,3.85,8,111.98
Wakad,1685,4,3,1.12,0.95,2.43,14,77.2
Kothrud,652,4,3,3.42,3.23,3.38,14,16.75
Katraj,2575,3,3,3.01,0.76,1.03,13,53.26
Baner,1069,5,3,3.47,1.54,4.62,13,28.08
Hinjewadi,1460,3,3,4.86,2.87,2.77,19,43.12
Hadapsar,1275,3,3,1.75,3.95,1.53,19,30.81
Kothrud,1097,3,3,2.41,3.9,2.36,3,28.82
Bibwewadi,1764,2,2,3,0.96,5.13,8,49.67
Kothrud,2318,1,1,0.65,1.98,1.23,2,20.98
Viman Nagar,2632,3,3,2.52,2.49,1.29,16,112.1
Aundh,1341,3,3,4.61,0.59,1.31,4,35.42
Wakad,2376,4,3,0.86,1.45,4.26,3,66.37
Hadapsar,1152,5,3,3.21,1.94,5.92,13,62.11
Kothrud,2659,4,3,4.91,1.34,5.94,14,56.08
Bibwewadi,2923,1,1,3.32,1.52,1.79,3,27.79
Baner,2758,1,1,4.54,1.18,3.56,6,16.94
Viman Nagar,2653,4,3,2.74,2.69,4.33,12,54.91
Bibwewadi,2034,3,3,2.39,3.61,4.93,13,39.55
Aundh,1198,3,3,1.18,1.71,2,8,29.83
Wakad,1263,3,3,4.25,2.09,2.77,14,42.88
Aundh,2229,3,3,3.45,1.19,1.26,20,53.85
Wakad,890,2,2,1.47,1.82,5.27,12,24.29
Hadapsar,1344,3,3,1.33,1.41,5.4,11,39.06
Baner,909,2,2,1.59,3.8,3.75,20,9.91
Viman Nagar,1715,4,3,4.65,2.58,2.31,7,91.72
Bibwewadi,2631,2,2,2,1.58,4.64,7,52.77
Baner,794,3,3,4.21,0.83,2.73,4,33.8
Viman Nagar,2483,3,3,2.64,3.5,5.6,10,49.73
Kondhwa,1020,1,1,4.1,2.9,4.77,14,7.24
Kondhwa,1006,3,3,4.13,1.71,5.93,6,30.52
Katraj,2806,3,3,2.07,2.23,2.39,19,126.04
Bibwewadi,2262,4,3,3.45,1.11,1.95,6,123.84
Viman Nagar,1581,2,2,2.46,1.07,1.33,0,28.08
Wakad,1710,3,3,1.28,1.25,3.23,20,38.1
Aundh,2567,4,3,3.51,1.79,3.88,16,80.22
Katraj,849,2,2,2.08,3.11,4.53,17,22.05
Hadapsar,2596,3,3,0.72,0.87,4.46,3,77
Hinjewadi,1668,3,3,4.95,2.46,2.88,1,37.31
Bibwewadi,747,2,2,3.48,2.63,1.95,18,8.92
Hinjewadi,1234,2,2,2.15,1.67,5.49,9,28.19
Baner,1113,1,1,1.19,1.99,2.79,14,13.69
Hadapsar,1651,3,3,2.93,0.91,5.04,14,51.77
Viman Nagar,1703,2,2,0.65,1.66,5.01,20,23.96
Aundh,537,2,2,3.99,2.22,3.05,14,12.46
Kondhwa,1662,2,2,0.56,1.86,4.93,18,49.75
Hadapsar,2129,3,3,3.28,3.47,1.14,6,59.88
Aundh,2098,2,2,4.08,2.31,2.35,19,40.88
Aundh,2470,5,3,2.57,2.5,4.11,7,172.29
Viman Nagar,1923,2,2,1.66,1.81,2.47,15,43.22
Katraj,2235,5,3,4.21,3.66,2.19,19,141.41
Wakad,744,1,1,2.35,0.58,1.37,14,8.14
Aundh,1986,2,2,2.85,1.17,2.99,1,22.55
Wakad,1993,5,3,4.85,2.16,1.46,8,130.78
Bibwewadi,511,1,1,1.81,2.88,1.26,8,3.68
Viman Nagar,1715,3,3,2.73,3.44,5.42,6,48.51
Baner,493,4,3,1.92,1.59,4.35,2,10.69
Baner,2382,1,1,0.8,2.55,1.93,19,21.55
Viman Nagar,1506,4,3,1.65,3.47,5.53,8,84.96
Bibwewadi,1927,4,3,2.7,3.41,4.07,16,49.57
Hadapsar,1209,3,3,3.78,2.83,5.7,13,47.64
Bibwewadi,448,5,3,1.64,1.71,5.7,9,17.57
Kondhwa,903,5,3,3.36,1.65,5.15,8,48.29
Bibwewadi,1062,1,1,2.9,1.05,3.92,16,12.14
Katraj,529,1,1,2.64,2.72,1.33,10,7.27
Kothrud,2769,5,3,0.53,2.24,1.63,6,114.95
Bibwewadi,818,2,2,1.97,1.34,2.35,16,18.71
Viman Nagar,1525,5,3,4.71,0.55,2.86,5,98.91
Hinjewadi,2460,5,3,3.08,1.57,5.03,19,97.38
Aundh,1621,1,1,4.82,0.64,4.17,6,19.89
Hadapsar,2198,3,3,1.82,1.68,4.01,11,33.05
Kothrud,2816,3,3,0.52,1.14,5.36,15,73.19
Aundh,1811,3,3,2.61,3.85,3.56,6,41.42
Kondhwa,2356,1,1,2.08,0.53,5.55,20,19.55
Hadapsar,1635,4,3,2.92,1.47,5.7,6,64.01
Viman Nagar,2853,5,3,1.03,2.93,4.91,17,179.01
Kothrud,1354,1,1,3.69,1.14,2.93,6,15.32
Wakad,2991,1,1,3.15,3.51,1.44,16,43.66
Aundh,1987,5,3,4.09,1.27,1.04,7,88.27
Viman Nagar,2975,2,2,4.1,3.23,1.51,10,80.81
Katraj,2917,2,2,3.72,3.33,5.68,0,46.88
Wakad,2376,2,2,3.45,1.11,3.77,5,38.63
Baner,2049,2,2,1.12,1.7,1.12,3,50.74
Katraj,1714,3,3,0.85,2.46,1.42,19,58.51
Wakad,2758,3,3,3.84,2.74,4.18,20,97.23
Baner,1142,4,3,2.01,2.79,5.51,1,64.96
Aundh,1346,5,3,1.85,1.01,2.65,20,62.56
Hinjewadi,1581,3,3,4.9,2.92,2.9,20,46.17
Hadapsar,996,2,2,2.51,0.9,3.42,15,27.78
Baner,2662,5,3,4.29,1.2,2.51,1,182.86
Kondhwa,646,3,3,3.73,1.35,3.41,14,24.94
Wakad,2380,4,3,2.59,0.71,2.71,6,74.38
Baner,1699,3,3,4.76,0.67,3.76,15,33.76
Hinjewadi,1959,5,3,2.09,1.77,4.22,10,97.22
Bibwewadi,1780,2,2,1.11,2.43,1.18,13,41.29
Katraj,935,3,3,2.13,3.11,5.5,7,22.15
Wakad,2532,1,1,1.49,2.01,5.07,16,23.64
Aundh,2726,3,3,2.93,2.95,2.82,1,79.95
Hadapsar,2559,4,3,2.69,3.24,5.36,7,138.37
Wakad,2980,5,3,2.59,1.08,1.26,15,147.88
Aundh,1705,3,3,2.82,2.67,1.96,7,56.54
Wakad,2861,2,2,3.99,2.48,4.72,1,30.41
Kothrud,2861,2,2,2.49,2.66,5.36,17,77.08
Baner,1091,5,3,0.9,1.1,2.67,19,34.42
Kothrud,2086,5,3,4.84,3.27,1.9,12,154.71
Viman Nagar,1434,1,1,0.61,0.85,2.95,5,9.62
Baner,645,3,3,3.14,0.75,5.63,9,18.01
Hadapsar,2325,5,3,4.61,2.89,4.75,0,86.32
Wakad,720,5,3,0.61,1.91,5.46,3,31.53
Hadapsar,419,4,3,2.67,2.03,3.16,12,12.45
Aundh,515,1,1,4.98,2.61,1.82,1,4.06
Hadapsar,2393,3,3,4.52,3.7,5.96,2,39.15
Aundh,2023,1,1,3.52,1.11,4.98,18,22.19
Bibwewadi,740,5,3,1.3,1.82,5.78,4,32
Aundh,2385,5,3,3.66,3.54,2.19,19,93.12
Kondhwa,2814,1,1,1.6,1.34,3.22,15,14.74
Hadapsar,1502,4,3,1.67,3.88,4.2,4,38.7
Hinjewadi,1884,1,1,1.34,2.45,5.33,20,18.05
Kothrud,2098,2,2,4.83,0.77,3.8,3,35.02
Bibwewadi,2528,1,1,4.52,2.27,5.32,0,31.21
Viman Nagar,1473,3,3,1.47,2.09,2.82,19,58.51
Wakad,1422,5,3,1.78,0.96,5.81,16,70.83
Viman Nagar,1460,4,3,2.3,3.64,2.12,2,74.87
Baner,1716,2,2,4.51,2.12,3.02,1,33.72
Bibwewadi,631,2,2,3.32,3.38,5.53,19,16.67
Kothrud,2861,5,3,2.46,2.48,2.13,6,188.6
Hadapsar,424,4,3,4.99,2.57,4.68,8,21.95
Hinjewadi,1099,1,1,3.23,3.49,5.9,3,13.01
Viman Nagar,1125,5,3,3.69,3.31,5.11,2,62.86
Bibwewadi,693,4,3,3.28,2.02,2.18,20,31.84
Katraj,1451,4,3,0.98,1.17,1.27,15,35.12
Wakad,1044,5,3,2.71,1.22,3,20,46.77
Aundh,1542,1,1,3.89,3.93,3.39,8,18.58
Hadapsar,1619,4,3,2.65,3.03,5.68,4,79.64
Hinjewadi,832,3,3,2.62,1.63,4.65,18,15.63
Kothrud,2731,2,2,0.7,1.81,5.12,0,49.44
Wakad,577,3,3,4.46,3.27,1.12,16,15.09
Bibwewadi,1727,2,2,2.77,3.8,1.73,6,50
Baner,2992,4,3,0.89,2.17,2.41,3,168.41
Viman Nagar,2316,4,3,2.73,2,4.88,16,121.44
Hadapsar,2120,2,2,2.49,3.83,1.16,15,62.13
Kothrud,1924,5,3,0.77,1.17,1.01,17,106.92
Aundh,1826,5,3,3.9,2.61,1.4,18,114.59
Baner,748,5,3,1.98,2.66,1.97,2,48.81
Hadapsar,1564,5,3,4.75,1.7,4.57,15,51.34
Bibwewadi,718,3,3,3.49,1.43,5.65,17,23.78
Wakad,1952,1,1,2.78,2.65,1.36,15,23.48
Aundh,2248,2,2,1.07,3.55,2,11,63.23
Viman Nagar,1166,2,2,3.07,2.03,4.73,0,34.08
Viman Nagar,541,3,3,2.3,1.93,1.18,10,20.07
Baner,1845,1,1,3.74,0.64,3.59,6,21.37
Hinjewadi,2700,1,1,4.38,0.96,3,14,37.65
Wakad,1723,3,3,3.72,1.53,4.99,12,60.26
Wakad,2121,3,3,4.3,1.86,4.41,9,41.47
Viman Nagar,971,5,3,4.97,3.89,1.52,19,28.86
Wakad,555,5,3,4.56,3.83,5.89,14,40.54
Katraj,2056,1,1,3.96,3.05,3.3,13,26.83
Hinjewadi,2493,3,3,2.29,1.98,1.73,9,47.35
Kondhwa,2645,2,2,0.92,3.43,1.29,3,39.14
Hadapsar,2196,3,3,1.93,1.01,1.13,0,87.19
Bibwewadi,2754,1,1,0.66,1.63,3.7,13,39.27
Kondhwa,2368,2,2,1.65,2.13,5.08,20,61.01
Viman Nagar,1484,2,2,2.16,2.71,2.14,4,31.51
Aundh,1994,4,3,1.46,3.76,3.01,10,118.04
Viman Nagar,2337,3,3,2.77,2.24,5.14,12,47.37
Baner,2774,3,3,4.73,2.62,5.47,11,65.61
Kothrud,2120,1,1,2.59,1.45,2.22,16,20.1
Aundh,2478,2,2,4.48,2.53,4.42,16,41.25
Wakad,1007,2,2,3.34,1.59,4.53,1,20.94
Wakad,1523,4,3,0.7,0.66,2.47,17,49.03
Kondhwa,2107,5,3,3.84,0.7,2.77,17,117.59
Bibwewadi,889,4,3,4.05,2.71,4.28,19,21.82
Baner,2223,3,3,4.13,0.51,3.99,16,62.32
Kondhwa,1273,1,1,0.89,0.67,4.92,2,11.2
Katraj,1899,4,3,1.1,3.9,4.95,11,79.65
Aundh,1286,1,1,1.91,3.49,3.09,7,12.88
Viman Nagar,1580,2,2,2.3,3.61,5,4,40.5
Bibwewadi,1437,5,3,4.74,2.63,3.52,10,47.49
Katraj,1464,3,3,4.5,2.28,2.81,12,43.31
Katraj,897,5,3,2.24,2.53,3.68,4,27.14
Aundh,1412,3,3,4.5,2.9,1.5,9,22.53
Bibwewadi,908,3,3,4.52,0.85,1.44,2,24.7
Wakad,889,3,3,4.63,2.49,5.48,1,22.48
Aundh,1613,2,2,3.35,2.09,2.83,20,22.85
Wakad,2883,3,3,2.22,1.67,2.05,4,95.21
Hadapsar,2029,4,3,2.63,1.53,5.06,6,49.3
Kondhwa,2235,4,3,0.68,0.81,2.71,18,93.78
Kothrud,1985,3,3,1.01,1.24,3,5,59.09
Kondhwa,2271,3,3,1.24,0.95,4.18,11,35.91
Viman Nagar,519,5,3,3.26,1.82,2.52,5,15.35
Wakad,1289,2,2,4.7,2.38,1.54,13,16.7
Viman Nagar,1011,3,3,1.44,3.97,3.85,4,27.41
Baner,2749,1,1,3.44,1.79,3.4,14,15.6
Kothrud,2394,1,1,4.5,3.96,1.71,9,17.63
Viman Nagar,2363,5,3,1.31,2.88,1.55,19,87.87
Katraj,2240,5,3,2.53,1.27,5.37,10,94.67
Kondhwa,2148,3,3,4.42,1.75,1.56,2,35.45
Hinjewadi,2910,1,1,2.89,1.99,1.21,0,18.74
Hadapsar,726,2,2,3.54,1.07,5.87,20,7.72
Bibwewadi,531,1,1,2.74,2.7,2.78,20,4.71
Kothrud,1391,4,3,1.17,2.6,1.57,0,80.34
Kothrud,2114,5,3,1.97,0.53,4.49,2,153.59
Aundh,1421,1,1,3.06,1.17,4.21,6,16.14
Kondhwa,1233,2,2,4.81,2.76,3.25,12,27.39
Kothrud,2479,5,3,3.6,2.45,1.12,4,151.62
Viman Nagar,2513,5,3,3.69,1.49,1.51,14,75.06
Hadapsar,1600,2,2,0.83,0.95,5.61,0,38.29
Kothrud,2874,5,3,3.67,2.59,3.48,3,105.37
Aundh,1620,5,3,2.31,1.23,5.67,13,78.12
Wakad,1869,5,3,3.07,0.77,1.79,15,116.86
Bibwewadi,1590,5,3,2.36,3.56,1.24,13,68.6
Baner,1863,2,2,3.31,1.08,5.31,11,45.97
Bibwewadi,2562,5,3,3.3,1.18,1.41,13,78.25
Aundh,1645,2,2,3.34,2.85,2.46,7,42.45
Bibwewadi,590,5,3,3.04,3.78,4.64,14,41.39
Hinjewadi,2590,1,1,2,0.71,4.05,11,21.35
Kondhwa,1169,3,3,2.56,0.89,1.47,6,50.41
Viman Nagar,2736,4,3,3.12,0.76,5.91,18,97.96
Viman Nagar,964,2,2,4.99,3.69,5.23,8,28.29
Hinjewadi,1546,5,3,2.43,1.9,2.48,5,112.31
Bibwewadi,2689,3,3,3.31,3.11,1.87,14,44.87
Baner,949,1,1,4.12,1.41,2.78,18,10.28
Baner,1185,4,3,2.13,2.26,4.24,7,47.37
Kothrud,2847,4,3,1.42,2.42,2.55,13,100.93
Aundh,1318,5,3,4.3,2.05,5.52,18,54.48
Kothrud,2011,1,1,3.03,2.75,2.26,6,27.91
Hinjewadi,888,4,3,4.54,3.19,1.33,16,26.05
Aundh,2235,1,1,4.43,2.24,2.61,3,27.01
Aundh,1239,1,1,2.99,0.55,1.46,2,16.03
Hinjewadi,555,4,3,0.63,3.23,2.62,0,18.72
Hinjewadi,1562,4,3,2.77,2.58,1.08,20,43.33
Bibwewadi,2919,3,3,3.51,2.53,3.4,0,98.43
Viman Nagar,2740,3,3,3.97,2.18,2.14,20,90.58
Katraj,1470,1,1,2.92,1.27,5.66,1,13.53
Kondhwa,2624,5,3,1.22,3.73,4.91,1,132.45
Wakad,2401,3,3,2.41,2.59,3.61,9,81.91
Katraj,1861,1,1,3,1.38,4.6,5,16.47
Kondhwa,2541,3,3,3.81,3.14,2.43,19,55.84
Kothrud,1915,3,3,2.99,2.64,3.98,6,58.41
Kothrud,2706,3,3,2.45,2.15,1.96,10,107.62
Katraj,2552,1,1,3.38,1.02,4.22,11,20.64
Aundh,1273,4,3,2.27,1.08,5.96,9,72.06
Kondhwa,1665,5,3,1.84,0.8,4.28,17,85.6
Kothrud,2057,5,3,3.61,3.42,2.08,4,99.38
Kothrud,1036,4,3,2.38,3.75,2.43,5,29.13
Viman Nagar,708,3,3,0.52,1.9,1.81,18,13.08
Hadapsar,2519,3,3,1.65,3.15,5.05,10,43.23
Kothrud,2281,3,3,2.35,3.8,2.7,1,98.45
Hinjewadi,462,5,3,2.44,2.28,2.44,10,13.11
Hadapsar,1367,5,3,3.95,2.58,5.14,1,82.11
Hinjewadi,652,4,3,0.74,1.07,3.57,2,17.3
Wakad,2144,5,3,4.33,2.86,1.01,2,130.55
Kondhwa,2364,1,1,4.95,0.75,5.01,2,29.86
Hadapsar,1623,5,3,4.27,2.3,4.86,9,102.97
Viman Nagar,1753,1,1,3.6,0.59,2.5,2,16.16
Hadapsar,756,5,3,3.31,0.71,2.14,16,36.89
Kothrud,1307,2,2,3.4,2.93,5.57,12,23.74
Aundh,2598,5,3,2.26,2.4,1.02,17,78.28
Kothrud,2619,1,1,2.14,1.9,2.49,12,29.21
Katraj,2969,4,3,1.28,1.78,2.21,9,157.91
Bibwewadi,1462,3,3,1.86,0.97,4.94,18,61.3
Hinjewadi,2410,5,3,0.7,1.66,3.42,3,175.27
Hadapsar,1771,2,2,2.79,3.36,4.49,19,24
Kothrud,1708,5,3,2.38,3.29,3.86,19,117.69
Aundh,1295,1,1,4.76,3.51,5.83,16,16.77
Wakad,602,2,2,2.57,3.36,2.27,4,16.17
Kothrud,2883,3,3,1.65,2.49,3.3,16,92.29
Bibwewadi,2911,1,1,1.21,3.99,1.36,16,38.8
Katraj,2815,3,3,3.22,3.51,2.09,15,46.92
Aundh,905,3,3,2.86,1.4,1.17,7,30.13
Bibwewadi,1364,4,3,2.51,2.63,1.84,19,57.29
Kothrud,2039,3,3,4.66,2.03,2.7,1,64
Kothrud,1027,1,1,2.31,3.82,2.46,5,8.54
Baner,2012,5,3,1.78,3.08,3.77,1,68.48
Hadapsar,471,5,3,4.73,3.68,3.26,20,31.64
Wakad,1981,5,3,0.75,2.82,5.53,19,122.1
Aundh,412,5,3,4.65,2.02,3.13,14,16.69
Wakad,1084,3,3,3.68,2.18,3.41,0,19.44
Katraj,2303,1,1,3.66,2.35,4.69,17,34.53
Bibwewadi,2186,1,1,3.56,0.75,5.72,16,16
Baner,2973,3,3,4.81,2.62,1.2,17,127.94
Katraj,2908,5,3,4.9,3.54,3.95,19,150.27
Kothrud,2133,4,3,2.74,2.99,2.73,9,105.18
Baner,2462,3,3,1.76,2.1,3.26,4,75.72
Aundh,1348,4,3,1.52,2.39,3.97,5,56.9
Kothrud,2412,3,3,3.9,2.86,1.73,6,83.32
Kothrud,1447,4,3,1.38,2.63,4.78,13,60.13
Viman Nagar,2724,1,1,4.39,2.03,4.31,18,32.91
Hadapsar,2876,4,3,4.14,2.95,4.79,18,166.35
Baner,2790,4,3,0.68,1.93,2.28,14,63.13
Katraj,2918,4,3,3.36,2.06,2.84,7,158.21
Bibwewadi,1575,2,2,1.64,3.4,3.31,7,35.27
Baner,1651,4,3,0.84,3.39,4.03,5,58.97
Katraj,1056,1,1,1.84,1.68,1.32,11,7.73
Aundh,833,2,2,4.41,1.68,3.61,17,17.3
Kothrud,2759,2,2,3.78,1.51,5.97,6,64.13
Kondhwa,2652,2,2,4.52,3.89,3.29,16,30.69
Wakad,1826,5,3,4.22,2.2,3.79,9,133.92
Wakad,2563,3,3,2.58,2.8,1.81,11,105.89
Hadapsar,471,1,1,3.53,2.71,2.56,18,3.71
Wakad,2488,1,1,4.19,2.25,1.64,20,24.2
Aundh,2193,4,3,2.66,2.32,2.14,2,45.62
Hinjewadi,1138,5,3,0.63,3,3.81,7,79.15
Viman Nagar,2013,2,2,4.55,2.43,2.07,14,59.78
Bibwewadi,2007,4,3,1.3,1.36,2.49,8,56.11
Kondhwa,2224,5,3,3.2,2.13,2.84,20,151.86
Baner,962,1,1,4.91,3.96,5.05,19,5.59
Aundh,1405,3,3,1.85,2.57,4.44,13,46.82
Hinjewadi,2822,4,3,2,1.49,4.59,17,136.89
Kothrud,427,2,2,2.43,2.6,2.14,8,5.03
Wakad,973,1,1,1.03,1.35,4.65,2,10.43
Wakad,1298,3,3,4.81,0.7,3.71,11,42.54
Hadapsar,1923,1,1,1.29,2.61,4.52,11,11.81
Bibwewadi,2160,1,1,0.68,1.37,1.11,3,22.77
Kondhwa,1414,2,2,4.38,1.89,4.31,17,37.38
Hinjewadi,1025,3,3,0.75,1.35,4.76,14,38.51
Bibwewadi,1945,3,3,0.8,1.78,2.03,18,67.34
Kondhwa,448,4,3,0.82,2.18,1.17,14,16.92
Kondhwa,2098,1,1,2.18,0.95,4,20,11.28
Aundh,1650,4,3,1,3.7,5.53,6,67.41
Bibwewadi,2428,1,1,1.55,0.55,5,16,14.09
Katraj,2316,1,1,2.17,3.8,4.65,7,23.56
Viman Nagar,2637,5,3,0.65,0.7,1.75,14,93.83
Wakad,611,4,3,2.78,2.97,5.09,7,26.89
Katraj,1697,2,2,3.31,0.96,5.68,17,22.56
Kondhwa,2170,1,1,1.36,3.45,2.51,1,11.73
Katraj,2170,2,2,1.51,1.47,1.63,17,58.81
Baner,1114,3,3,3.05,2.17,4.83,11,43.31
Baner,2864,5,3,1.58,0.58,5.87,10,92.36
Kothrud,891,1,1,3.16,2.08,5.34,14,7.92
Aundh,2122,4,3,2.1,3.15,4.52,1,96.74
Katraj,572,2,2,2.1,2.26,3.32,12,16.81
Bibwewadi,845,1,1,2.09,0.56,5.4,11,4.62
Baner,609,4,3,0.87,3.82,1.84,8,13.56
Baner,2159,3,3,4.89,0.51,1.27,14,71.03
Aundh,466,3,3,2.06,0.68,1.12,8,14.87
Hinjewadi,648,1,1,3.32,3.98,1.75,1,3.44
Baner,878,5,3,2.53,1.78,5.95,14,27.22
Viman Nagar,452,1,1,3.51,1.66,3.56,10,5.35
Hadapsar,822,5,3,1.19,2.85,5.25,15,50.62
Kondhwa,2041,1,1,2.37,2.23,1.11,9,12.39
Viman Nagar,2489,1,1,4.9,1.68,5.01,16,19.2
Kondhwa,608,3,3,2.6,1.83,5.98,6,21.58
Katraj,2461,5,3,0.58,2.04,4.54,19,137.77
Hadapsar,2267,5,3,0.87,2.38,2,0,161.48
Hinjewadi,1955,5,3,1.54,0.88,3.74,5,57.66
Wakad,1964,5,3,3.95,3.12,5.95,6,126.99
Viman Nagar,713,4,3,4.73,1.99,1.37,19,18.8
Bibwewadi,2165,5,3,1.82,2.27,5.25,8,88.11
Hadapsar,2478,5,3,4.37,0.51,4.14,16,182.58
Aundh,2715,1,1,3.74,0.9,4.42,4,30.79
Bibwewadi,441,2,2,3.28,1.31,3.65,2,8.59
Baner,2079,5,3,1.84,2.38,2.03,18,130.97
Aundh,2115,4,3,1.67,4,5.44,16,103.89
Baner,885,3,3,4.32,1.71,5.57,12,36.65
Katraj,1472,4,3,3.57,2.82,5.12,7,41.57
Kothrud,2181,5,3,3.81,2.59,2.59,13,159.89
Hadapsar,2321,4,3,3.91,2.47,5.93,0,79.47
Katraj,483,4,3,1.66,3.49,1.04,4,27.41
Hinjewadi,1139,5,3,3.07,0.91,2.79,2,41.13
Aundh,2216,3,3,2.63,1.12,5.35,20,94.2
Hinjewadi,1882,2,2,2.39,1.49,2.93,0,33.84
Kondhwa,1525,4,3,1.57,2.36,4.15,10,45.81
Aundh,595,2,2,3.62,3.72,1.55,0,9.15
Kondhwa,2284,2,2,1.01,1.91,3.41,15,62.4
Bibwewadi,2424,2,2,3.2,3.65,1.26,3,39.26
Baner,2012,3,3,4.75,2.84,1.37,6,80.8
Kothrud,734,1,1,2.5,1.87,4.2,16,4.11
Baner,1507,1,1,2.38,3.89,2.58,7,12.37
Wakad,1395,3,3,1.55,1.23,5.51,2,58.68
Bibwewadi,1952,2,2,2.45,1.27,3.78,16,28.97
Hinjewadi,2950,5,3,2.12,3.37,3.33,8,218.03
Katraj,2550,2,2,4.23,0.51,4.82,12,59.79
Baner,2903,2,2,0.7,3.38,4.5,10,57.56
Hadapsar,1421,5,3,3.64,3.86,4.17,0,39.59
Katraj,2126,5,3,3.8,0.63,1.24,4,89.5
Baner,2451,5,3,4.48,3.3,4.41,20,107.11
Hadapsar,1129,5,3,3.97,1.4,3.31,10,29.9
Katraj,1792,5,3,2.51,1.76,4.98,16,115.71
Bibwewadi,1222,5,3,4.87,3.77,3.84,4,65.6
Wakad,2449,3,3,4.6,2.81,1.83,7,78.32
Katraj,1273,5,3,3.32,2.72,3.58,15,43.67
Wakad,1734,1,1,1.8,2.42,1.1,10,13.22
Bibwewadi,1791,2,2,3.39,2.22,2.67,1,45.73
Hinjewadi,2509,1,1,2.93,3.01,4.55,2,18.01
Hinjewadi,2362,3,3,1.5,2.31,5.47,15,98.24
Wakad,1056,4,3,2.65,1.5,5.6,18,57
Viman Nagar,1302,2,2,1.52,1.35,5.08,15,15.91
Hinjewadi,2043,4,3,3.22,0.5,3.89,0,63.76
Aundh,1970,1,1,3.84,1.2,3.19,5,14.38
Katraj,1713,1,1,1.6,1.31,1.41,1,18.94
Kothrud,1737,2,2,4.91,3.32,3.71,1,20.62
Kothrud,2621,4,3,2.34,2.05,2.62,13,93.21
Kothrud,2816,4,3,0.65,0.71,4.27,12,89.34
Wakad,1549,5,3,1.09,2.38,2.65,10,67.94
Wakad,659,2,2,2.88,0.71,3.2,6,10.09
Aundh,1499,4,3,4.43,3.44,4.36,8,40.18
Bibwewadi,1105,2,2,0.61,0.77,2.73,3,17.93
Aundh,2056,1,1,4.14,3.54,1.85,13,14.94
Wakad,2406,3,3,4.93,1.15,2.67,18,97.59
Hadapsar,989,4,3,3.18,1.1,1.31,6,34.69
Hadapsar,1586,4,3,0.5,2.18,3.57,7,52.58
Bibwewadi,1414,5,3,4.63,2.86,1.63,10,58.82
Aundh,884,2,2,3.53,0.61,1.06,1,11.49
Aundh,614,4,3,3.33,2.01,2.64,20,26.61
Kondhwa,861,5,3,1.21,3.98,1.08,14,42.73
Viman Nagar,1393,1,1,1.73,3.58,1.65,14,8.57
Hadapsar,823,3,3,2.99,0.64,2.17,8,35.28
Baner,1277,5,3,3.62,1.91,2.64,11,36.13
Aundh,1695,5,3,2.93,2.38,3.78,12,57.29
Kothrud,464,4,3,0.74,1.25,1.05,5,10.41
Katraj,643,3,3,0.95,3.91,2.23,0,11.94
Bibwewadi,783,2,2,1.39,0.5,3.58,5,22.78
Hinjewadi,2255,4,3,2.2,3.02,4.47,16,120.81
Wakad,855,4,3,3.35,2.89,5.48,7,40.28
Wakad,2509,5,3,1.86,2.6,1.8,18,174.05
Aundh,517,2,2,0.59,3.89,1.37,19,9.61
Hinjewadi,1543,5,3,2.78,1.76,5.02,7,44.76
Hadapsar,1324,3,3,4.07,3.56,1.6,13,32.61
Baner,2824,2,2,0.92,1.57,3.98,11,75.6
Katraj,1283,4,3,3.76,2.35,1.25,19,39.39
Kothrud,2726,2,2,2.88,0.55,2.81,4,63.14
Bibwewadi,2482,3,3,3.02,3.92,3.84,16,110.87
Kothrud,2204,4,3,0.71,0.59,3.27,10,89.14
Kondhwa,1517,5,3,2.47,0.83,4.09,7,69.31
Baner,1070,1,1,1.93,2.86,5.66,11,7.41
Hinjewadi,2835,1,1,1.83,1.69,5.32,10,33.74
Viman Nagar,841,5,3,3.59,3.93,5.73,10,51.8
Viman Nagar,582,3,3,3.3,2.9,4.85,5,24.43
Aundh,2239,5,3,3.58,3.96,1.81,1,97.85
Kondhwa,2799,4,3,2.45,1.82,3.59,14,115.56
Kothrud,1621,2,2,4.17,3.39,5.37,9,20.98
Hadapsar,453,1,1,3.68,3.51,2.25,0,3.62
Katraj,882,4,3,1.4,2.34,5.27,18,44.91
Wakad,2137,5,3,2.55,1.92,1.24,15,114.8
Wakad,2354,3,3,4.57,2.17,1.17,11,70.07
Bibwewadi,2570,5,3,1.54,1.8,2.34,9,129.06
Kondhwa,701,2,2,2.3,0.64,1.74,3,15.39
Hinjewadi,1875,3,3,1.26,1.5,3.85,12,31.1
Katraj,2163,5,3,1.4,1.69,2.22,10,132.57
Viman Nagar,2881,2,2,2.59,1.02,4.2,8,75.05
Aundh,2546,2,2,3.83,1.01,1.07,15,55.43
Bibwewadi,1726,1,1,4.65,1.91,2.44,16,19.35
Baner,1851,3,3,2.13,0.9,3.63,4,39.7
Katraj,1446,1,1,1.52,3.6,4.68,2,20.67
Kothrud,2517,3,3,2.85,1.78,2.72,9,77.93
Hinjewadi,2635,2,2,3.52,0.58,4.1,6,69.63
Hadapsar,2039,4,3,1.17,3.31,5.99,10,107.57
Hadapsar,1488,5,3,0.53,0.95,2.25,13,39.72
Hinjewadi,2485,3,3,4.34,1.66,5.23,12,39.59
Hinjewadi,736,3,3,3.71,1.47,3.26,13,20.41
Hadapsar,2861,4,3,2.81,1.76,3.91,3,90.85
Hinjewadi,2695,4,3,3.15,0.61,4.37,4,122.86
Aundh,821,2,2,4.21,2.05,4.16,3,14.38
Aundh,2161,5,3,0.94,3.63,2.12,11,121.79
Baner,2385,1,1,3.87,2.51,5.48,15,32.43
Hadapsar,2679,3,3,3.53,2.55,3.04,17,106.33
Bibwewadi,2005,1,1,1.31,1.15,1.79,10,16.79
Hadapsar,2269,2,2,4.9,0.97,4.89,17,32.53
Wakad,744,1,1,1.3,3.06,5.17,19,6.02
Katraj,659,2,2,2.07,0.94,3.02,17,7.59
Bibwewadi,2909,3,3,4.57,1.87,3.07,18,78.95
Viman Nagar,721,5,3,2.85,3.52,2.2,9,39.76
Hadapsar,1480,5,3,4.7,2.31,1.63,19,110.8
Hadapsar,1888,3,3,4.92,2.37,2.67,2,58.15
Baner,1632,3,3,1.02,1.97,2.03,17,59.59
Hinjewadi,1902,5,3,3.67,0.95,2.3,13,92
Kondhwa,1229,2,2,1.09,1.33,1.83,12,29.39
Bibwewadi,2086,5,3,4.38,3.21,5.71,14,82.2
Katraj,1100,1,1,1.6,3.45,5.93,1,15.09
Kondhwa,2358,4,3,1.7,2.63,5.55,19,129.5
Viman Nagar,2043,4,3,3.51,2.54,2.35,4,45.34
Kothrud,2664,3,3,4.7,2.27,5.07,8,94.69
Viman Nagar,2543,5,3,3.77,1.83,5.46,3,94.92
Kondhwa,2548,1,1,3.68,0.89,4.99,2,35.79
Hadapsar,1730,4,3,3.56,3.53,2.73,15,71.73
Aundh,471,1,1,4.17,2.23,4.3,15,3.45
Wakad,1431,5,3,2.1,3.41,5.83,2,63.53
Kothrud,558,2,2,1.08,2.12,2.59,15,13.82
Aundh,2182,4,3,3.15,1.56,5.47,12,49.21
Baner,2835,3,3,1.87,0.83,1.91,17,96.48
Bibwewadi,723,1,1,4.41,0.71,1.22,3,10.27
Baner,421,4,3,4.7,1.09,4.69,9,17.36
Baner,2745,1,1,2.3,2.15,1.65,11,19.73
Hadapsar,551,2,2,3.93,2.35,1.9,4,8.61
Aundh,1372,3,3,0.93,2.4,1.56,17,47.21
Kothrud,1134,4,3,3.32,3.45,4.98,20,49.93
Kondhwa,1608,2,2,2.43,0.66,2.24,12,46.06
Katraj,1544,5,3,3.46,0.83,2.62,19,68.53
Hadapsar,2878,2,2,3.01,1.26,4.26,15,59.77
Kothrud,1085,5,3,1.11,3.16,5.42,16,60.35
Kothrud,2503,1,1,1.99,3.1,3.53,15,27.05
Katraj,1053,2,2,2.41,3.48,4.25,10,26.38
Hadapsar,507,4,3,0.54,1.32,5.38,15,10.8
Katraj,1957,2,2,1.85,1.91,4.6,14,53.77
Hinjewadi,1575,3,3,2.46,3.19,4.31,5,36.58
Viman Nagar,840,2,2,1.09,0.52,4.21,14,11.27
Hinjewadi,1595,2,2,3.4,3.68,3.37,0,38.06
Hinjewadi,533,5,3,3.86,2.98,1.72,12,28.42
Baner,472,5,3,4.03,2.34,2.03,16,27.56
Aundh,1834,5,3,0.6,0.71,3.5,19,52.47
Baner,1336,5,3,2.05,1.46,4.16,6,41.07
Aundh,2332,5,3,2.44,3.39,2.26,2,169.12
Hadapsar,2622,1,1,1.11,2.35,2.52,10,35.95
Viman Nagar,2220,5,3,3.95,1.87,3.07,3,97.05
Viman Nagar,1709,2,2,4.06,3.27,3.54,12,31.59
Wakad,2253,4,3,4.32,2.58,2.05,12,100.76
Wakad,2301,3,3,3.84,3.97,5.85,17,65.06
Baner,2387,5,3,4.95,0.6,5.38,15,150.44
Wakad,2897,1,1,1.65,1.83,2.37,0,30.53
Katraj,1762,3,3,2.94,3.93,5.23,17,44.36
Kondhwa,1000,4,3,2.92,0.94,3.02,12,30.65
Wakad,2252,4,3,4.38,1.93,1.53,17,125.39
Kondhwa,2263,1,1,1.25,3.97,3.9,17,24.32
Aundh,834,4,3,1.61,0.85,1.51,1,25.58
Kothrud,1864,3,3,0.98,3.13,1.13,1,49.97
Viman Nagar,1662,3,3,1.63,3.4,4.73,15,37.32
Viman Nagar,2752,4,3,4.98,3.4,1.62,3,101.97
Kondhwa,485,1,1,0.97,3.58,2.98,13,5.19
Wakad,855,2,2,2.37,3.07,3.42,5,8.84
Aundh,1716,1,1,4.34,2.97,5.09,8,16.05
Baner,804,1,1,1.45,1.17,5.94,7,11.71
Baner,1528,1,1,4.36,1.42,5.62,6,16.58
Viman Nagar,1988,5,3,4.57,3.17,3.04,3,58.88
Kondhwa,2614,2,2,4.74,2.77,5.61,20,61.64
Baner,2911,5,3,3.99,3.1,1.93,15,159.56
Bibwewadi,776,5,3,4.46,1.73,5.42,11,31.44
Kothrud,2678,5,3,4.59,1.62,5.58,20,138.39
Kondhwa,2387,5,3,3.48,1.87,1.71,6,102.21
Bibwewadi,897,3,3,3.5,2.25,4.13,8,37.95
Aundh,613,3,3,0.88,2.41,1.3,9,20.83
Kondhwa,1183,5,3,1.34,2.92,3.69,16,36.48
Kothrud,428,2,2,2.95,3.79,4.96,15,10.28
Wakad,435,1,1,3.86,2.49,4.91,5,3.58
Hadapsar,1133,5,3,1.77,0.79,2.09,19,72.49
Kondhwa,1600,1,1,2.85,3.84,1.59,3,22.55
Bibwewadi,1257,1,1,3.39,0.6,1.15,12,12.93
Hadapsar,2362,4,3,3.04,1.88,4.2,19,81.51
Bibwewadi,2250,1,1,2.94,2.84,4.87,3,14.14
Hadapsar,2301,4,3,1.38,2.07,4.55,2,117.57
Hinjewadi,569,3,3,4.83,1.3,3.15,9,24.33
Kondhwa,2503,2,2,2.29,2.77,3.59,12,59.61
Aundh,1759,3,3,4.17,0.78,3.78,2,63.88
Bibwewadi,2354,2,2,4.4,1.25,3.55,8,49.03
Kondhwa,2330,5,3,1.94,1.56,1.41,16,141.79
Katraj,2146,2,2,2.91,2.94,1.1,6,36.09
Kondhwa,2630,1,1,1.74,3.15,3.43,3,37.96
Hinjewadi,2735,3,3,4.77,2.29,4.03,15,73.18
Viman Nagar,2995,2,2,3.16,1.24,3.33,9,59.71
Baner,2808,2,2,4.12,3.58,2.86,9,60.3
Hadapsar,2676,1,1,1.05,3.95,2.37,17,29.58
Wakad,1496,5,3,4.96,3.74,5.14,0,97.81
Viman Nagar,548,2,2,0.91,2.4,2.12,13,8.53
Viman Nagar,2589,2,2,0.97,2.2,4.94,19,76.1
Aundh,1729,4,3,2,1.02,2.24,0,87.78
Viman Nagar,1516,2,2,0.77,2.97,5.55,8,42.6
Kondhwa,670,3,3,1.21,2.6,3,4,22.61
Katraj,2743,5,3,2.75,1.6,5.55,2,201.83
Katraj,2211,1,1,3.58,3.8,2.72,2,17.97
Hinjewadi,2255,4,3,3.12,0.51,1.2,1,56.28
Hinjewadi,1281,1,1,2.6,0.55,5.08,14,14.8
Kondhwa,2094,3,3,3.77,1.2,3.59,17,81.28
Kothrud,1230,4,3,3.2,1.56,5.07,13,36.2
Viman Nagar,2433,5,3,1.49,3.72,3.65,0,110.75
Kothrud,1164,5,3,0.61,3.51,4.97,10,43.29
Kondhwa,2456,2,2,3.56,0.69,3.06,13,24.72
Bibwewadi,1888,3,3,4.91,3.28,4.06,6,72.32
Wakad,2823,4,3,2.02,3.04,5.48,5,146.92
Kothrud,625,2,2,2.07,3.19,3.72,11,7.15
Kothrud,2381,1,1,4.92,0.98,1.59,10,31.18
Viman Nagar,809,5,3,2.5,0.64,5.85,6,46.91
Wakad,1478,4,3,3.74,2.68,3.08,11,71.81
Baner,1753,2,2,3.02,0.74,2.19,0,23.07
Katraj,2609,4,3,0.92,3.65,3.71,5,116.34
Katraj,2722,5,3,1.99,2.79,2.22,0,145.96
Katraj,2639,3,3,3.2,1.39,1.78,12,76.8
Bibwewadi,2369,1,1,4.04,3.17,4.08,15,25.98
Baner,402,4,3,3.7,1.12,1.57,17,23.49
Hinjewadi,906,2,2,4.83,1.21,3.13,15,21.91
Aundh,2418,4,3,1.08,3.77,4.7,14,127.07
Kothrud,1070,4,3,2.69,1.26,4.14,0,58.71
Kondhwa,1287,4,3,2.49,1.19,1.24,11,46.37
Kothrud,1465,2,2,4.91,0.51,3.58,11,37.76
Bibwewadi,1766,1,1,4.29,2.83,4.86,3,11.71
Aundh,940,4,3,0.95,3.22,5.18,6,41.13
Katraj,440,1,1,2.43,3.63,3.03,18,3.85
Kothrud,1626,1,1,3.77,2.92,1.88,20,22.43
Katraj,1797,1,1,3.87,3.98,5.87,12,18.51
Kothrud,1591,1,1,3.97,0.52,3.88,10,18.68
Baner,2649,5,3,2.48,3.03,2.32,12,146.95
Bibwewadi,1649,3,3,2.69,2.74,2.71,0,49.27
Hinjewadi,598,4,3,1.15,3.52,2.7,8,13.83
Aundh,2502,3,3,1.75,3.48,5.2,20,70.02
Wakad,917,5,3,2.4,3.36,1.48,5,45.41
Hadapsar,1959,3,3,3.68,3.66,5.74,7,53.42
Baner,2795,4,3,3.79,2.94,1.57,11,77.79
Baner,2685,5,3,4.54,1.41,5.05,11,124.13
Wakad,1113,1,1,3.62,1.26,3.7,12,6.53
Baner,433,4,3,1.31,3.76,1.67,12,15.13
Kothrud,2785,2,2,0.72,2.92,2.03,20,70.89
Hadapsar,2964,5,3,3.32,1.83,1.94,19,142.32
Katraj,1534,4,3,2.06,3.26,4.42,5,68.65
Kothrud,1681,3,3,1.95,1.22,1.96,8,43.43
Hinjewadi,2826,1,1,1.15,3.75,4.35,0,26.28
Hadapsar,2075,2,2,3.41,2.7,5.15,5,43.42
Kondhwa,654,1,1,1.55,1.11,3.62,15,3.9
Kondhwa,2646,4,3,1.18,1.76,3.82,16,103.74
Hadapsar,1991,3,3,4.15,0.64,2.23,13,31.08
Kondhwa,2324,2,2,3.65,2.54,4,1,64.8
Baner,591,2,2,3.86,1.58,2.87,9,10.43
Aundh,1295,2,2,3.5,1.8,4.9,12,21.92
Hinjewadi,533,3,3,0.76,0.93,2.97,10,20.61
Wakad,995,2,2,4.41,1.81,5.53,3,16.25
Kothrud,728,4,3,0.99,2.4,1.38,13,32.31
Kondhwa,1402,2,2,2.27,0.6,1.01,19,31.44
Wakad,2801,5,3,3.96,1.18,4.53,5,168.36
Viman Nagar,460,4,3,4.09,1.45,2.22,20,25.07
Katraj,656,3,3,2.93,2.38,5.15,15,23.3
Hadapsar,2745,3,3,4.16,3.79,5.6,2,97
Kothrud,2413,2,2,1.27,1.72,2.66,7,66.54
Baner,1046,2,2,1.07,2.32,3.73,3,14.26
Kondhwa,668,1,1,0.67,3.29,1.32,20,6.33
Viman Nagar,2422,1,1,1.02,1.45,2.58,12,31.93
Kondhwa,1511,2,2,3.02,0.54,3.14,20,39.26
Viman Nagar,989,4,3,3.61,0.99,2.36,19,44.76
Katraj,2535,4,3,0.57,1.88,4.2,4,75.69
Kothrud,2302,3,3,2.72,3.76,4.27,15,102.29
Wakad,2782,4,3,4.93,3.45,1.64,12,104.8
Bibwewadi,1192,1,1,2.15,3.19,2.1,1,14.35
Kothrud,2108,2,2,4.6,2.92,3.32,12,48.53
Bibwewadi,601,1,1,1.83,1.1,4.8,2,5.1
Katraj,563,2,2,1.5,2.22,3.07,7,14.16
Kondhwa,2032,3,3,4.16,3.28,2.19,6,71.83
Aundh,952,3,3,1.78,1.43,3.88,2,18.13
Wakad,2314,4,3,1.09,2.13,3.39,1,49.99
Hinjewadi,1946,2,2,1.08,3.14,1.55,18,55.8
Katraj,423,3,3,1.92,3.24,1.74,3,9.12
Viman Nagar,2286,5,3,3.54,3.81,1.09,5,170.54
Kothrud,1633,3,3,4.26,0.76,3.58,12,27.35
Wakad,697,4,3,3.65,1.43,2.44,16,16.17
Viman Nagar,1702,4,3,2.61,0.55,3.2,20,55.28
Hinjewadi,486,4,3,2.25,0.9,2.74,2,19.27
Hadapsar,457,3,3,3.05,3.77,3.63,11,10.53
Wakad,2240,3,3,2.19,2.82,3.26,19,64.16
Hinjewadi,1013,5,3,2.24,2.21,1.7,6,69.17
Hinjewadi,2216,3,3,2.41,2.96,4.34,8,74.04
Hadapsar,2076,2,2,1.13,1.7,4.03,0,21.65
Aundh,2046,4,3,4.17,2.09,5.46,5,93.04
Aundh,1083,3,3,3,2.01,3.34,6,42.28
Baner,1770,1,1,0.63,3.17,3.86,19,23.42
Katraj,1274,2,2,3.1,1.01,2.15,14,23.98
Aundh,731,5,3,0.95,1.32,1.34,8,46.35
Katraj,569,1,1,3.84,0.98,4.82,11,3.6
Bibwewadi,2860,2,2,4.47,1.74,3.57,8,68.53
Katraj,2774,2,2,2.48,1.69,4.08,13,38.73
Wakad,2443,4,3,3.98,3.18,2.61,18,81.65
Kothrud,2286,2,2,3,1.27,4.29,13,53.36
Kothrud,2011,4,3,0.98,2.03,4.79,3,62.55
Hadapsar,960,4,3,4.43,3.41,3.41,16,24.61
Baner,1385,3,3,1.12,1,4.18,13,62.05
Kondhwa,1829,1,1,3.89,3.57,3.81,17,23.15
Baner,730,4,3,2.61,3.95,5.33,7,39.42
Kothrud,1202,5,3,3.87,2.4,4.28,2,33.79
Wakad,1987,1,1,4.72,3.82,1.12,8,24.83
Viman Nagar,1645,1,1,3.97,1.09,4.66,4,22.23
Aundh,978,5,3,2.26,1.71,4.86,9,42.94
Bibwewadi,1028,2,2,4.31,1.49,1.24,14,16.05
Katraj,2735,1,1,4.75,1.48,2.25,10,14.82
Katraj,2321,2,2,1.27,3.45,3.43,17,58.21
Wakad,1277,3,3,2.73,2.02,1.32,8,50.97
Hadapsar,1909,2,2,1.04,3.74,4.04,12,54.03
Kothrud,643,1,1,0.95,2.07,4.11,12,6.33
Bibwewadi,1743,3,3,1.08,1.06,2.52,14,36.99
Kothrud,2879,1,1,3.61,2,5.46,15,40.42
Katraj,754,5,3,2.51,3.09,4.46,7,21.92
Viman Nagar,2859,2,2,2.69,1.2,1.27,16,83.96
Kondhwa,1190,3,3,2.96,0.96,5.1,19,24.31
Wakad,722,3,3,0.77,1.57,1.11,8,26.42
Hadapsar,1093,4,3,3.26,1.1,2.68,20,36.54
Hadapsar,2233,2,2,0.82,3.2,5.14,6,56.8
Katraj,904,1,1,2.02,3.1,3.84,6,6.31
Kothrud,902,4,3,2.83,2.45,2.43,10,42.93
Hinjewadi,2163,3,3,2.6,3.55,1.03,2,46.31
Kondhwa,2953,4,3,3.17,0.51,5.73,19,108.22
Baner,1632,3,3,4.41,2.98,3.19,10,72.59
